pk_cid;pk_partition;short_term_deposit;loans;mortgage;funds;securities;long_term_deposit;em_account_pp;credit_card;payroll;pension_plan;payroll_account;emc_account;debit_card;em_account_p;em_acount
1023793;2018-01-28;0;0;0;0;0;0;0;0;;;0;0;0;0;0
1023793;2018-07-28;0;0;0;0;0;0;0;0;0.0;0.0;0;0;0;0;0
1023793;2018-08-28;0;0;0;0;0;0;0;0;0.0;0.0;0;0;0;0;0
1023793;2018-09-28;0;0;0;0;0;0;0;0;0.0;0.0;0;0;0;0;0
1023793;2018-10-28;0;0;0;0;0;0;0;0;0.0;0.0;0;0;0;0;0
1023793;2018-11-28;0;0;0;0;0;0;0;0;0.0;0.0;0;0;0;0;0
1023793;2018-12-28;0;0;0;0;0;0;0;0;0.0;0.0;0;0;0;0;0
1023793;2019-01-28;0;0;0;0;0;0;0;0;0.0;0.0;0;0;0;0;0
1023793;2019-02-28;0;0;0;0;0;0;0;0;0.0;0.0;0;0;0;0;0
1023793;2019-03-28;0;0;0;0;0;0;0;0;0.0;0.0;0;0;0;0;0
1023793;2019-04-28;0;0;0;0;0;0;0;0;0.0;0.0;0;0;0;0;0
1023793;2019-05-28;0;0;0;0;0;0;0;0;0.0;0.0;0;0;0;0;0
1040205;2018-01-28;0;0;0;0;0;0;0;0;0.0;0.0;0;0;0;0;0
1040205;2018-02-28;0;0;0;0;0;0;0;0;;;0;0;0;0;0
1040205;2018-07-28;0;0;0;0;0;0;0;0;0.0;0.0;0;0;0;0;1
1040205;2018-08-28;0;0;0;0;0;0;0;0;0.0;0.0;0;0;0;0;1
1040205;2018-09-28;0;0;0;0;0;0;0;0;0.0;0.0;0;0;0;0;1
1040205;2018-10-28;0;0;0;0;0;0;0;0;0.0;0.0;0;0;0;0;1
1040205;2018-11-28;0;0;0;0;0;0;0;0;0.0;0.0;0;0;0;0;1
1040205;2018-12-28;0;0;0;0;0;0;0;0;0.0;0.0;0;0;0;0;1
1040205;2019-01-28;0;0;0;0;0;0;0;0;0.0;0.0;0;0;0;0;1
1040205;2019-02-28;0;0;0;0;0;0;0;0;0.0;0.0;0;0;0;0;1
1040205;2019-03-28;0;0;0;0;0;0;0;0;0.0;0.0;0;0;0;0;1
1040205;2019-04-28;0;0;0;0;0;0;0;0;0.0;0.0;0;0;0;0;1
1040205;2019-05-28;0;0;0;0;0;0;0;0;0.0;0.0;0;0;0;0;1
1042950;2018-01-28;0;0;0;0;0;0;0;0;0.0;0.0;0;0;0;0;0
1042950;2018-02-28;0;0;0;0;0;0;0;0;;;0;0;0;0;0
1042950;2018-06-28;0;0;0;0;0;0;0;0;0.0;0.0;0;0;0;0;1
1042950;2018-07-28;0;0;0;0;0;0;0;0;0.0;0.0;0;0;0;0;1
1042950;2018-08-28;0;0;0;0;0;0;0;0;0.0;0.0;0;0;0;0;1
1042950;2018-09-28;0;0;0;0;0;0;0;0;0.0;0.0;0;0;1;0;1
1042950;2018-10-28;0;0;0;0;0;0;0;0;0.0;0.0;0;0;1;0;1
1042950;2018-11-28;0;0;0;0;0;0;0;0;0.0;0.0;0;0;1;0;1
1042950;2018-12-28;0;0;0;0;0;0;0;0;0.0;0.0;0;0;0;0;1
1042950;2019-01-28;0;0;0;0;0;0;0;0;0.0;0.0;0;0;0;0;1
1042950;2019-02-28;0;0;0;0;0;0;0;0;0.0;0.0;0;0;0;0;1
1042950;2019-03-28;0;0;0;0;0;0;0;0;0.0;0.0;0;0;0;0;1
1042950;2019-04-28;0;0;0;0;0;0;0;0;0.0;0.0;0;0;0;0;1
1042950;2019-05-28;0;0;0;0;0;0;0;0;0.0;0.0;0;0;0;0;1
1083617;2018-01-28;0;0;0;0;0;0;0;0;0.0;0.0;0;0;0;0;0
1083617;2018-02-28;0;0;0;0;0;0;0;0;0.0;0.0;0;0;0;0;0
1083617;2018-03-28;0;0;0;0;0;0;0;0;;;0;0;0;0;0
1083617;2018-07-28;0;0;0;0;0;0;0;0;0.0;0.0;0;0;0;0;1
1083617;2018-08-28;0;0;0;1;0;0;0;0;0.0;0.0;0;0;0;0;1
1083617;2018-09-28;0;0;0;1;0;0;0;0;0.0;0.0;0;0;0;0;1
1083617;2018-10-28;0;0;0;1;0;0;0;0;0.0;0.0;0;0;0;0;1
1083617;2018-11-28;0;0;0;1;0;0;0;0;0.0;0.0;0;0;0;0;1
1083617;2018-12-28;0;0;0;1;0;0;0;0;0.0;0.0;0;0;0;0;1
1083617;2019-01-28;0;0;0;1;0;0;0;0;0.0;0.0;0;0;0;0;1
1083617;2019-02-28;0;0;0;1;0;0;0;0;0.0;0.0;0;0;0;0;1
1083617;2019-03-28;0;0;0;1;0;0;0;0;0.0;0.0;0;0;0;0;1
1083617;2019-04-28;0;0;0;1;0;0;0;0;0.0;0.0;0;0;0;0;1
1083617;2019-05-28;0;0;0;1;0;0;0;0;0.0;0.0;0;0;0;0;1
1097831;2018-01-28;0;0;0;0;0;0;0;0;;;0;0;0;0;0
1097831;2018-03-28;0;0;0;0;0;0;0;0;0.0;0.0;0;0;0;0;1
1097831;2018-04-28;0;0;0;0;0;0;0;0;0.0;0.0;0;0;1;0;1
1097831;2018-05-28;0;0;0;0;0;0;0;0;0.0;0.0;0;0;0;0;1
1097831;2018-06-28;0;0;0;0;0;0;0;0;0.0;0.0;0;0;0;0;1
1097831;2018-07-28;0;0;0;0;0;0;0;0;0.0;0.0;0;0;0;0;1
1097831;2018-08-28;0;0;0;0;0;0;0;0;0.0;0.0;0;0;0;0;1
1097831;2018-09-28;0;0;0;0;0;0;0;0;0.0;0.0;0;0;0;0;1
1097831;2018-10-28;0;0;0;0;0;0;0;0;0.0;0.0;0;0;0;0;1
1097831;2018-11-28;0;0;0;0;0;0;0;0;0.0;0.0;0;0;0;0;1
1097831;2018-12-28;0;0;0;0;0;0;0;0;0.0;0.0;0;0;0;0;1
1097831;2019-01-28;0;0;0;0;0;0;0;0;0.0;0.0;0;0;0;0;1
1097831;2019-02-28;0;0;0;0;0;0;0;0;0.0;0.0;0;0;0;0;1
1097831;2019-03-28;0;0;0;0;0;0;0;0;0.0;0.0;0;0;0;0;1
1097831;2019-04-28;0;0;0;0;0;0;0;0;0.0;0.0;0;0;0;0;1
1097831;2019-05-28;0;0;0;0;0;0;0;0;0.0;0.0;0;0;0;0;1
1111563;2018-01-28;0;0;0;0;0;0;0;0;0.0;0.0;0;0;0;0;1
1111563;2018-02-28;0;0;0;0;0;0;0;0;0.0;0.0;0;0;0;0;0
1111563;2018-03-28;0;0;0;0;0;0;0;0;0.0;0.0;0;0;0;0;0
1111563;2018-04-28;0;0;0;0;0;0;0;0;0.0;0.0;0;0;0;0;0
1111563;2018-05-28;0;0;0;0;0;0;0;0;;;0;0;0;0;0
1111563;2018-06-28;0;0;0;0;0;0;0;0;0.0;0.0;0;0;0;0;1
1111563;2018-07-28;0;0;0;0;0;0;0;0;0.0;0.0;0;0;1;0;1
1111563;2018-08-28;0;0;0;0;0;0;0;0;0.0;0.0;0;0;1;0;1
1111563;2018-09-28;0;0;0;0;0;0;0;0;0.0;0.0;0;0;0;0;1
1111563;2018-10-28;0;0;0;0;0;0;0;0;0.0;0.0;0;0;0;0;1
1111563;2018-11-28;0;0;0;0;0;0;0;0;0.0;0.0;0;0;0;0;1
1111563;2018-12-28;0;0;0;0;0;0;0;0;0.0;0.0;0;0;0;0;1
1111563;2019-01-28;0;0;0;0;0;0;0;0;0.0;0.0;0;0;0;0;1
1111563;2019-02-28;0;0;0;0;0;0;0;0;0.0;0.0;0;0;0;0;1
1111563;2019-03-28;0;0;0;0;0;0;0;0;0.0;0.0;0;0;0;0;1
1111563;2019-04-28;0;0;0;0;0;0;0;0;0.0;0.0;0;0;0;0;1
1111563;2019-05-28;0;0;0;0;0;0;0;0;0.0;0.0;0;0;0;0;1
1115187;2018-01-28;0;0;0;0;0;0;0;0;0.0;0.0;0;1;0;0;1
1115187;2018-02-28;0;0;0;0;0;0;0;0;0.0;0.0;0;1;0;0;1
1115187;2018-03-28;0;0;0;0;0;0;0;0;0.0;0.0;0;1;0;0;1
1115187;2018-04-28;0;0;0;0;0;0;0;0;;;0;0;0;0;0
1115187;2018-05-28;0;0;0;0;0;0;0;0;;;0;0;0;0;0
1115187;2018-07-28;0;0;0;0;0;0;0;0;0.0;0.0;0;0;0;0;1
1115187;2018-08-28;0;0;0;0;0;0;0;0;0.0;0.0;0;0;0;0;1
1115187;2018-09-28;0;0;0;0;0;0;0;0;1.0;1.0;0;0;0;0;1
1115187;2018-10-28;0;0;0;0;0;0;0;0;1.0;1.0;0;0;0;0;1
1115187;2018-11-28;0;0;0;0;0;0;0;0;1.0;1.0;0;0;1;0;1
1115187;2018-12-28;0;0;0;0;0;0;0;0;1.0;1.0;0;0;1;0;1
1115187;2019-01-28;0;0;0;0;0;0;0;0;1.0;1.0;0;0;1;0;1
1115187;2019-02-28;0;0;0;0;0;0;0;0;1.0;1.0;0;0;1;0;1
1115187;2019-03-28;0;0;0;0;0;0;0;0;1.0;1.0;0;0;1;0;1
1115187;2019-04-28;0;0;0;0;0;0;0;0;1.0;1.0;0;0;1;0;1
1115187;2019-05-28;0;0;0;0;0;0;0;0;1.0;1.0;0;0;1;0;1
1118340;2018-01-28;0;0;0;0;0;0;0;0;;;0;0;0;0;0
1118340;2018-06-28;0;0;0;0;0;0;0;0;0.0;0.0;0;0;0;0;0
1118340;2018-07-28;0;0;0;0;0;0;0;0;0.0;0.0;0;0;0;0;0
1118340;2018-08-28;0;0;0;0;0;0;0;0;0.0;0.0;0;0;0;0;0
1118340;2018-09-28;0;0;0;0;0;0;0;0;0.0;0.0;0;0;0;0;0
1118340;2018-10-28;0;0;0;0;0;0;0;0;0.0;0.0;0;0;0;0;0
1118340;2018-11-28;0;0;0;0;0;0;0;0;0.0;0.0;0;0;0;0;0
1118340;2018-12-28;0;0;0;0;0;0;0;0;0.0;0.0;0;0;0;0;0
1118340;2019-01-28;0;0;0;0;0;0;0;0;0.0;0.0;0;0;0;0;0
1118340;2019-02-28;0;0;0;0;0;0;0;0;0.0;0.0;0;0;0;0;1
1118340;2019-03-28;0;0;0;0;0;0;0;0;0.0;0.0;0;0;0;0;1
1118340;2019-04-28;0;0;0;0;0;0;0;0;0.0;0.0;0;0;0;0;1
1118340;2019-05-28;0;0;0;0;0;0;0;0;1.0;1.0;1;0;0;0;0
1132935;2018-01-28;0;0;0;0;0;0;0;0;;;0;0;0;0;0
1132935;2018-05-28;0;0;0;0;0;0;0;0;0.0;0.0;0;0;0;0;1
1132935;2018-06-28;0;0;0;0;0;0;0;0;0.0;0.0;0;0;0;0;1
1132935;2018-07-28;0;0;0;0;0;0;0;0;0.0;0.0;0;0;0;0;1
1132935;2018-08-28;0;0;0;0;0;0;0;0;0.0;0.0;0;0;0;0;1
1132935;2018-09-28;0;0;0;0;0;0;0;0;0.0;0.0;0;0;0;0;1
1132935;2018-10-28;0;0;0;0;0;0;0;0;0.0;0.0;0;0;0;0;1
1132935;2018-11-28;0;0;0;0;0;0;0;0;0.0;0.0;0;0;0;0;0
1132935;2018-12-28;0;0;0;0;0;0;0;0;0.0;0.0;0;0;0;0;1
1132935;2019-01-28;0;0;0;0;0;0;0;0;0.0;0.0;0;0;1;0;1
1132935;2019-02-28;0;0;0;0;0;0;0;0;0.0;0.0;0;0;1;0;1
1132935;2019-03-28;0;0;0;0;0;0;0;0;0.0;0.0;0;0;1;0;1
1132935;2019-04-28;0;0;0;0;0;0;0;0;0.0;0.0;0;0;1;0;1
1132935;2019-05-28;0;0;0;0;0;0;0;0;0.0;0.0;0;0;1;0;1
1135705;2018-01-28;0;0;0;0;0;0;0;0;;;0;0;0;0;0
1135705;2018-03-28;0;0;0;0;0;0;0;0;0.0;0.0;0;0;0;0;1
1135705;2018-04-28;0;0;0;0;0;0;0;0;0.0;0.0;0;0;0;0;1
1135705;2018-05-28;0;0;0;0;0;0;0;0;0.0;0.0;0;0;0;0;1
1135705;2018-06-28;0;0;0;0;0;0;0;0;0.0;0.0;0;0;0;0;1
1135705;2018-07-28;0;0;0;0;0;0;0;0;0.0;0.0;0;0;0;0;1
1135705;2018-08-28;0;0;0;0;0;0;0;0;0.0;0.0;0;0;0;0;1
1135705;2018-09-28;0;0;0;0;0;0;0;0;0.0;0.0;0;0;1;0;1
1135705;2018-10-28;0;0;0;0;0;0;0;0;0.0;0.0;0;0;1;0;1
1135705;2018-11-28;0;0;0;0;0;0;0;0;0.0;0.0;0;0;1;0;1
1135705;2018-12-28;0;0;0;0;0;0;0;0;0.0;0.0;0;0;1;0;1
1135705;2019-01-28;0;0;0;0;0;0;0;0;0.0;0.0;0;0;1;0;1
1135705;2019-02-28;0;0;0;0;0;0;0;0;0.0;0.0;0;0;1;0;1
1135705;2019-03-28;0;0;0;0;0;0;0;0;0.0;0.0;0;0;1;0;1
1135705;2019-04-28;0;0;0;0;0;0;0;0;0.0;0.0;0;0;1;0;1
1135705;2019-05-28;0;0;0;0;0;0;0;0;0.0;0.0;0;0;0;0;0
1135961;2018-01-28;0;0;0;0;0;0;0;0;0.0;0.0;0;0;0;0;1
1135961;2018-02-28;0;0;0;0;0;0;0;0;0.0;0.0;0;0;0;0;1
1135961;2018-03-28;0;0;0;0;0;0;0;0;0.0;0.0;0;0;0;0;1
1135961;2018-04-28;0;0;0;0;0;0;0;0;;;0;0;1;0;0
1135961;2018-05-28;0;0;0;0;0;0;0;0;0.0;0.0;0;0;0;0;1
1135961;2018-06-28;0;0;0;0;0;0;0;0;0.0;0.0;0;0;0;0;1
1135961;2018-07-28;0;0;0;0;0;0;0;0;0.0;0.0;0;0;0;0;1
1135961;2018-08-28;0;0;0;0;0;0;0;0;0.0;0.0;0;0;0;0;1
1135961;2018-09-28;0;0;0;0;0;0;0;0;0.0;0.0;0;0;0;0;1
1135961;2018-10-28;0;0;0;0;0;0;0;0;0.0;0.0;0;0;0;0;1
1135961;2018-11-28;0;0;0;0;0;0;0;0;0.0;0.0;0;0;0;0;1
1135961;2018-12-28;0;0;0;0;0;0;0;0;0.0;0.0;0;0;0;0;1
1135961;2019-01-28;0;0;0;0;0;0;0;0;0.0;0.0;0;0;0;0;1
1135961;2019-02-28;0;0;0;0;0;0;0;0;0.0;0.0;0;0;0;0;1
1135961;2019-03-28;0;0;0;0;0;0;0;0;0.0;0.0;0;0;0;0;1
1135961;2019-04-28;0;0;0;0;0;0;0;0;0.0;0.0;0;0;0;0;1
1135961;2019-05-28;0;0;0;0;0;0;0;0;0.0;0.0;0;0;0;0;1
1137428;2018-01-28;0;0;0;0;0;0;0;0;0.0;0.0;0;1;0;0;0
1137428;2018-02-28;0;0;0;0;0;0;0;0;;;0;0;0;0;0
1137428;2018-03-28;0;0;0;0;0;0;0;0;0.0;0.0;0;0;0;0;0
1137428;2018-04-28;0;0;0;0;0;0;0;0;0.0;0.0;0;0;0;0;1
1137428;2018-05-28;0;0;0;0;0;0;0;0;0.0;0.0;0;1;0;0;1
1137428;2018-06-28;0;0;0;0;0;0;0;0;0.0;0.0;0;1;0;0;1
1137428;2018-07-28;0;0;0;0;0;0;0;0;0.0;0.0;0;1;0;0;1
1137428;2018-08-28;0;0;0;0;0;0;0;0;0.0;0.0;0;1;0;0;1
1137428;2018-09-28;0;0;0;0;0;0;0;0;0.0;0.0;0;1;0;0;1
1137428;2018-10-28;0;0;0;0;0;0;0;0;0.0;0.0;0;1;0;0;1
1137428;2018-11-28;0;0;0;0;0;0;0;0;0.0;0.0;0;1;0;0;1
1137428;2018-12-28;0;0;0;0;0;0;0;0;0.0;0.0;0;1;0;0;1
1137428;2019-01-28;0;0;0;0;0;0;0;0;0.0;0.0;0;1;0;0;1
1137428;2019-02-28;0;0;0;0;0;0;0;0;0.0;0.0;0;1;0;0;1
1137428;2019-03-28;0;0;0;0;0;0;0;0;0.0;0.0;0;1;1;0;1
1137428;2019-04-28;0;0;0;0;0;0;0;0;0.0;0.0;0;1;0;0;1
1137428;2019-05-28;0;0;0;0;0;0;0;0;0.0;0.0;0;1;0;0;1
1164621;2018-01-28;0;0;0;0;0;0;0;0;0.0;0.0;0;0;1;0;0
1164621;2018-02-28;0;0;0;0;0;0;0;0;0.0;0.0;0;0;1;0;0
1164621;2018-03-28;0;0;0;0;0;0;0;0;0.0;0.0;0;0;0;0;0
1164621;2018-04-28;0;0;0;0;0;0;0;0;0.0;0.0;0;0;0;0;0
1164621;2018-05-28;0;0;0;0;0;0;0;0;;;0;0;0;0;0
1164621;2018-07-28;0;0;0;0;0;0;0;0;0.0;0.0;0;0;0;0;0
1164621;2018-08-28;0;0;0;0;0;0;0;0;0.0;0.0;0;0;0;0;0
1164621;2018-09-28;0;0;0;0;0;0;0;0;0.0;0.0;0;0;0;0;0
1164621;2018-10-28;0;0;0;0;0;0;0;0;0.0;0.0;0;0;0;0;0
1164621;2018-11-28;0;0;0;0;0;0;0;0;0.0;0.0;0;0;0;0;0
1164621;2018-12-28;0;0;0;0;0;0;0;0;0.0;0.0;0;0;0;0;0
1164621;2019-01-28;0;0;0;0;0;0;0;0;0.0;0.0;0;0;0;0;0
1164621;2019-02-28;0;0;0;0;0;0;0;0;0.0;0.0;0;0;0;0;0
1164621;2019-03-28;0;0;0;0;0;0;0;0;0.0;0.0;0;0;0;0;0
1164621;2019-04-28;0;0;0;0;0;0;0;0;0.0;0.0;0;0;0;0;0
1164621;2019-05-28;0;0;0;0;0;0;0;0;0.0;0.0;0;0;0;0;0
1171754;2018-01-28;0;0;0;0;0;0;0;0;0.0;0.0;0;0;0;0;0
1171754;2018-02-28;0;0;0;0;0;0;0;0;;;0;0;0;0;0
1171754;2018-03-28;0;0;0;0;0;0;0;0;0.0;0.0;0;0;0;0;1
1171754;2018-04-28;0;0;0;0;0;0;0;0;0.0;0.0;0;0;0;0;1
1171754;2018-05-28;0;0;0;0;0;0;0;0;0.0;0.0;0;0;0;0;0
1171754;2018-06-28;0;0;0;0;0;0;0;0;0.0;0.0;0;0;0;0;1
1171754;2018-07-28;0;0;0;0;0;0;0;0;0.0;0.0;0;0;0;0;1
1171754;2018-08-28;0;0;0;0;0;0;0;0;0.0;0.0;0;0;0;0;1
1171754;2018-09-28;0;0;0;0;0;0;0;0;0.0;0.0;0;0;0;0;1
1171754;2018-10-28;0;0;0;0;0;0;0;0;0.0;0.0;0;0;0;0;1
1171754;2018-11-28;0;0;0;0;0;0;0;0;0.0;0.0;0;0;0;0;1
1171754;2018-12-28;0;0;0;0;0;0;0;0;0.0;0.0;0;0;0;0;1
1171754;2019-01-28;0;0;0;0;0;0;0;0;0.0;0.0;0;0;0;0;1
1171754;2019-02-28;0;0;0;0;0;0;0;0;0.0;0.0;0;0;0;0;1
1171754;2019-03-28;0;0;0;0;0;0;0;0;0.0;0.0;0;0;0;0;1
1171754;2019-04-28;0;0;0;0;0;0;0;0;0.0;0.0;0;0;0;0;1
1171754;2019-05-28;0;0;0;0;0;0;0;0;0.0;0.0;0;0;0;0;1
1177738;2018-01-28;0;0;0;0;0;0;0;0;;;0;0;0;0;0
1177738;2018-06-28;0;0;0;0;0;0;0;0;0.0;0.0;0;0;0;0;1
1177738;2018-07-28;0;0;0;0;0;0;0;0;0.0;0.0;0;0;0;0;1
1177738;2018-08-28;0;0;0;0;0;0;0;0;0.0;0.0;0;0;1;0;1
1177738;2018-09-28;0;0;0;0;0;0;0;0;1.0;1.0;1;0;1;0;0
1177738;2018-10-28;0;0;0;0;0;0;0;0;0.0;0.0;1;0;1;0;0
1177738;2018-11-28;0;0;0;0;0;0;0;0;0.0;0.0;1;0;1;0;0
1177738;2018-12-28;0;0;0;0;0;0;0;0;0.0;0.0;1;0;1;0;0
1177738;2019-01-28;0;0;0;0;0;0;0;0;0.0;0.0;1;0;1;0;0
1177738;2019-02-28;0;0;0;0;0;0;0;0;0.0;0.0;1;0;0;0;0
1177738;2019-03-28;0;0;0;0;0;0;0;0;0.0;0.0;1;0;1;0;0
1177738;2019-04-28;0;0;0;0;0;0;0;0;0.0;0.0;0;0;1;0;0
1177738;2019-05-28;0;0;0;0;0;0;0;0;0.0;0.0;0;0;0;0;0
1183456;2018-01-28;0;0;0;0;0;0;0;0;;;0;0;0;0;0
1183456;2018-07-28;0;0;0;0;0;0;0;0;0.0;0.0;0;0;0;0;0
1183456;2018-08-28;0;0;0;0;0;0;0;0;0.0;0.0;0;0;0;0;1
1183456;2018-09-28;0;0;0;0;0;0;0;0;0.0;0.0;0;0;0;0;0
1192352;2018-01-28;0;0;0;0;0;0;0;0;0.0;0.0;0;0;0;0;0
1192352;2018-02-28;0;0;0;0;0;0;0;0;;;0;0;0;0;0
1192352;2018-07-28;0;0;0;0;0;0;0;0;0.0;0.0;0;0;0;0;0
1192352;2018-08-28;0;0;0;0;0;0;0;0;0.0;0.0;0;0;0;0;0
1192352;2018-09-28;0;0;0;0;0;0;0;0;0.0;0.0;0;0;0;0;0
1192352;2018-10-28;0;0;0;0;0;0;0;0;0.0;0.0;0;0;0;0;0
1192352;2018-11-28;0;0;0;0;0;0;0;0;0.0;0.0;0;0;0;0;0
1192352;2018-12-28;0;0;0;0;0;0;0;0;0.0;0.0;0;0;0;0;0
1192352;2019-01-28;0;0;0;0;0;0;0;0;0.0;0.0;0;0;0;0;0
1192352;2019-02-28;0;0;0;0;0;0;0;0;0.0;0.0;0;0;0;0;0
1192352;2019-03-28;0;0;0;0;0;0;0;0;0.0;0.0;0;0;0;0;0
1192352;2019-04-28;0;0;0;0;0;0;0;0;0.0;0.0;0;0;0;0;0
1192352;2019-05-28;0;0;0;0;0;0;0;0;0.0;0.0;0;0;0;0;0
1200798;2018-01-28;0;0;0;0;0;0;0;0;0.0;0.0;0;0;1;0;0
1200798;2018-02-28;0;0;0;0;0;0;0;0;0.0;0.0;0;0;0;0;0
1200798;2018-03-28;0;0;0;0;0;0;0;0;0.0;0.0;0;0;0;0;0
1200798;2018-04-28;0;0;0;0;0;0;0;0;;;0;0;0;0;0
1200798;2018-07-28;0;0;0;0;0;0;0;0;0.0;0.0;0;0;0;0;0
1200798;2018-08-28;0;0;0;0;0;0;0;0;0.0;0.0;0;0;0;0;0
1200798;2018-09-28;0;0;0;0;0;0;0;0;0.0;0.0;0;0;0;0;0
1200798;2018-10-28;0;0;0;0;0;0;0;0;0.0;0.0;0;0;0;0;0
1200798;2018-11-28;0;0;0;0;0;0;0;0;0.0;0.0;0;0;0;0;0
1200798;2018-12-28;0;0;0;0;0;0;0;0;0.0;0.0;0;0;0;0;0
1200798;2019-01-28;0;0;0;0;0;0;0;0;0.0;0.0;0;0;0;0;0
1200798;2019-02-28;0;0;0;0;0;0;0;0;0.0;0.0;0;0;0;0;0
1200798;2019-03-28;0;0;0;0;0;0;0;0;0.0;0.0;0;0;0;0;0
1200798;2019-04-28;0;0;0;0;0;0;0;0;0.0;0.0;0;0;0;0;0
1200798;2019-05-28;0;0;0;0;0;0;0;0;0.0;0.0;0;0;0;0;0
1201768;2018-01-28;0;0;0;0;0;0;0;0;0.0;0.0;0;0;1;0;0
1201768;2018-02-28;0;0;0;0;0;0;0;0;0.0;0.0;0;0;0;0;0
1201768;2018-03-28;0;0;0;0;0;0;0;0;0.0;0.0;0;0;0;0;0
1201768;2018-04-28;0;0;0;0;0;0;0;0;;;0;0;0;0;1
1201768;2018-05-28;0;0;0;0;0;0;0;0;0.0;0.0;0;0;0;0;1
1201768;2018-06-28;0;0;0;0;0;0;0;0;0.0;0.0;0;0;0;0;1
1201768;2018-07-28;0;0;0;0;0;0;0;0;0.0;0.0;0;0;0;0;1
1201768;2018-08-28;0;0;0;0;0;0;0;0;0.0;0.0;0;0;0;0;1
1201768;2018-09-28;0;0;0;0;0;0;0;0;0.0;0.0;0;0;0;0;1
1201768;2018-10-28;0;0;0;0;0;0;0;0;1.0;1.0;0;0;1;0;1
1201768;2018-11-28;0;0;0;0;0;0;0;0;1.0;1.0;1;0;0;0;0
1201768;2018-12-28;0;0;0;0;0;0;0;0;1.0;1.0;1;0;0;0;0
1201768;2019-01-28;0;0;0;0;0;0;0;0;1.0;1.0;1;0;0;0;0
1201768;2019-02-28;0;0;0;0;0;0;0;0;1.0;1.0;1;0;0;0;0
1201768;2019-03-28;0;0;0;0;0;0;0;0;1.0;1.0;1;0;0;0;0
1201768;2019-04-28;0;0;0;0;0;0;0;0;1.0;1.0;1;0;0;0;0
1201768;2019-05-28;0;0;0;0;0;0;0;0;1.0;1.0;1;0;0;0;0
1221067;2018-01-28;0;0;0;0;0;0;0;0;;;0;0;0;0;0
1221067;2018-02-28;0;0;0;0;0;0;0;0;;;0;0;0;0;0
1221067;2018-03-28;0;0;0;0;0;0;0;0;;;0;0;0;0;0
1221067;2018-04-28;0;0;0;0;0;0;0;0;;;0;0;0;0;0
1221067;2018-05-28;0;0;0;0;0;0;0;0;;;0;0;0;0;0
1221067;2018-06-28;0;0;0;0;0;0;0;0;0.0;0.0;0;0;0;0;0
1221067;2018-07-28;0;0;0;0;0;0;0;0;0.0;0.0;0;0;1;0;1
1221067;2018-08-28;0;0;0;0;0;0;0;0;0.0;0.0;0;0;0;0;1
1221067;2018-09-28;0;0;0;0;0;0;0;0;0.0;0.0;0;0;0;0;0
1221067;2018-12-28;0;0;0;0;0;0;0;0;0.0;0.0;0;0;0;0;0
1221067;2019-01-28;0;0;0;0;0;0;0;0;0.0;0.0;0;0;1;0;1
1221067;2019-02-28;0;0;0;0;0;0;0;0;0.0;0.0;0;0;1;0;1
1221067;2019-03-28;0;0;0;0;0;0;0;0;0.0;0.0;0;0;1;0;1
1221067;2019-04-28;0;0;0;0;0;0;0;0;0.0;0.0;0;0;1;0;1
1221067;2019-05-28;0;0;0;0;0;0;0;0;0.0;0.0;0;0;1;0;1
1237715;2018-01-28;0;0;0;0;0;1;0;0;0.0;0.0;0;0;0;0;1
1237715;2018-02-28;0;0;0;0;0;1;0;0;0.0;0.0;0;0;0;0;1
1237715;2018-03-28;0;0;0;0;0;0;0;0;;;0;0;0;0;0
1237715;2018-06-28;0;0;0;0;0;0;0;0;0.0;0.0;0;0;0;0;1
1237715;2018-07-28;0;0;0;0;0;0;0;0;0.0;0.0;0;0;0;0;1
1237715;2018-08-28;0;0;0;0;0;0;0;0;0.0;0.0;0;0;0;0;1
1237715;2018-09-28;0;0;0;0;0;0;0;0;0.0;0.0;0;0;0;0;1
1237715;2018-10-28;0;0;0;0;0;0;0;0;0.0;0.0;0;0;0;0;1
1237715;2018-11-28;0;0;0;0;0;0;0;0;0.0;0.0;0;0;0;0;0
1237715;2018-12-28;0;0;0;0;0;0;0;0;0.0;0.0;0;0;0;0;0
1237715;2019-01-28;0;0;0;0;0;0;0;0;0.0;0.0;0;0;0;0;0
1237715;2019-02-28;0;0;0;0;0;0;0;0;0.0;0.0;0;0;0;0;0
1237715;2019-03-28;0;0;0;0;0;0;0;0;0.0;0.0;0;0;0;0;0
1237715;2019-04-28;0;0;0;0;0;0;0;0;0.0;0.0;0;0;0;0;0
1237715;2019-05-28;0;0;0;0;0;0;0;0;0.0;0.0;0;0;0;0;0
1239163;2018-01-28;0;0;0;0;0;0;0;0;0.0;0.0;0;0;0;0;0
1239163;2018-02-28;0;0;0;0;0;0;0;0;0.0;0.0;0;0;0;0;0
1239163;2018-03-28;0;0;0;0;0;0;0;0;;;0;0;0;0;0
1239163;2018-07-28;0;0;0;0;0;0;0;0;0.0;0.0;0;0;0;0;1
1239163;2018-08-28;0;0;0;0;0;0;0;0;0.0;0.0;0;0;0;0;1
1239163;2018-09-28;0;0;0;0;0;0;0;0;0.0;0.0;0;0;0;0;1
1239163;2018-10-28;0;0;0;0;0;0;0;0;0.0;0.0;0;0;0;0;1
1239163;2018-11-28;0;0;0;0;0;0;0;0;0.0;0.0;0;0;0;0;1
1239163;2018-12-28;0;0;0;0;0;0;0;0;0.0;0.0;0;0;0;0;1
1239163;2019-01-28;0;0;0;0;0;0;0;0;0.0;0.0;0;0;0;0;1
1239163;2019-02-28;0;0;0;0;0;0;0;0;0.0;0.0;0;0;0;0;1
1239163;2019-03-28;0;0;0;0;0;0;0;0;0.0;0.0;0;0;0;0;1
1239163;2019-04-28;0;0;0;0;0;0;0;0;0.0;0.0;0;0;0;0;1
1239163;2019-05-28;0;0;0;0;0;0;0;0;0.0;0.0;0;0;0;0;1
1241619;2018-01-28;0;0;0;0;0;0;0;0;;;0;0;0;0;0
1241619;2018-04-28;0;0;0;0;0;0;0;0;0.0;0.0;0;0;0;0;1
1241619;2018-05-28;1;0;0;0;0;0;0;0;0.0;0.0;0;0;0;0;0
1241619;2018-06-28;1;0;0;0;0;0;0;0;0.0;0.0;0;0;0;0;0
1241619;2018-07-28;1;0;0;0;0;0;0;0;0.0;0.0;0;0;0;0;0
1241619;2018-08-28;0;0;0;0;0;0;0;0;0.0;0.0;0;0;0;0;0
1245396;2018-01-28;0;0;0;0;0;0;0;1;0.0;0.0;0;0;0;0;1
1245396;2018-02-28;0;0;0;0;0;0;0;1;0.0;0.0;0;0;0;0;1
1245396;2018-03-28;0;0;0;0;0;0;0;0;;;0;0;0;0;0
1245396;2018-06-28;0;0;0;0;0;0;0;0;0.0;0.0;0;0;0;0;0
1245396;2018-07-28;0;0;0;0;0;0;0;0;0.0;0.0;0;1;0;0;1
1245396;2018-08-28;0;0;0;0;0;0;0;0;0.0;0.0;0;0;0;0;0
1245396;2018-09-28;0;0;0;0;0;0;0;0;0.0;0.0;0;0;0;0;0
1245396;2018-10-28;0;0;0;0;0;0;0;0;0.0;0.0;0;0;0;0;0
1245396;2018-11-28;0;0;0;0;0;0;0;0;0.0;0.0;0;0;0;0;0
1245396;2018-12-28;0;0;0;0;0;0;0;0;0.0;0.0;0;0;0;0;0
1245396;2019-03-28;0;0;0;0;0;0;0;0;0.0;0.0;0;0;0;0;0
1245396;2019-04-28;0;0;0;0;0;0;0;0;0.0;0.0;0;0;0;0;0
1245396;2019-05-28;0;0;0;0;0;0;0;0;0.0;0.0;0;0;0;0;0
1245452;2018-01-28;0;0;0;0;0;0;0;0;0.0;0.0;0;0;0;0;1
1245452;2018-02-28;0;0;0;0;0;0;0;0;0.0;0.0;0;0;0;0;1
1245452;2018-03-28;0;0;0;0;0;0;0;0;0.0;0.0;0;0;0;0;1
1245452;2018-04-28;0;0;0;0;0;0;0;0;;;0;0;0;0;0
1245452;2018-07-28;0;0;0;0;0;0;0;0;0.0;0.0;0;0;0;0;1
1245452;2018-08-28;0;0;0;0;0;0;0;0;0.0;0.0;0;0;0;0;1
1245452;2018-09-28;0;0;0;0;0;0;0;0;0.0;0.0;0;0;0;0;1
1245452;2018-10-28;0;0;0;0;0;0;0;0;0.0;0.0;0;0;0;0;1
1245452;2018-11-28;0;0;0;0;0;0;0;0;0.0;0.0;0;0;0;0;1
1245452;2018-12-28;0;0;0;0;0;0;0;0;0.0;0.0;0;0;0;0;1
1245452;2019-01-28;0;0;0;0;0;0;0;0;0.0;0.0;0;0;0;0;1
1245452;2019-02-28;0;0;0;0;0;0;0;0;0.0;0.0;0;0;0;0;1
1245452;2019-03-28;0;0;0;0;0;0;0;0;0.0;0.0;0;0;0;0;1
1245452;2019-04-28;0;0;0;0;0;0;0;0;0.0;0.0;0;0;0;0;1
1245452;2019-05-28;0;0;0;0;0;0;0;0;0.0;0.0;0;0;0;0;1
1251339;2018-01-28;0;0;0;0;0;0;0;0;;;0;0;0;0;0
1251339;2018-07-28;0;0;0;0;0;0;0;0;0.0;0.0;0;0;0;0;0
1251339;2018-08-28;0;0;0;0;0;0;0;0;0.0;0.0;0;0;0;0;1
1251339;2018-09-28;0;0;0;0;0;0;0;0;0.0;0.0;0;0;1;0;1
1251339;2018-10-28;0;0;0;0;0;0;0;0;0.0;0.0;0;0;1;0;1
1251339;2018-11-28;0;0;0;0;0;0;0;0;0.0;0.0;0;0;1;0;1
1251339;2018-12-28;0;0;0;0;0;0;0;0;0.0;0.0;0;0;1;0;1
1251339;2019-01-28;0;0;0;0;0;0;0;0;0.0;0.0;0;0;1;0;1
1251339;2019-02-28;0;0;0;0;0;0;0;0;0.0;0.0;0;0;1;0;1
1251339;2019-03-28;0;0;0;0;0;0;0;0;0.0;0.0;0;0;1;0;1
1251339;2019-04-28;0;0;0;0;0;0;0;0;0.0;0.0;0;0;1;0;1
1251339;2019-05-28;0;0;0;0;0;0;0;0;0.0;0.0;0;0;1;0;1
1251445;2018-01-28;0;0;0;0;0;0;0;0;0.0;0.0;0;0;0;0;0
1251445;2018-02-28;0;0;0;0;0;0;0;0;0.0;0.0;0;0;0;0;0
1251445;2018-03-28;0;0;0;0;0;0;0;0;0.0;0.0;0;0;0;0;0
1251445;2018-04-28;0;0;0;0;0;0;0;0;0.0;0.0;0;0;0;0;0
1251445;2018-05-28;0;0;0;0;0;0;0;0;;;0;0;0;0;0
1251445;2018-06-28;0;0;0;0;0;0;0;0;0.0;0.0;0;0;0;0;1
1251445;2018-07-28;0;0;0;0;0;0;0;0;0.0;0.0;0;0;0;0;1
1251445;2018-08-28;0;0;0;0;0;0;0;0;0.0;0.0;0;0;0;0;1
1251445;2018-09-28;0;0;0;0;0;0;0;0;0.0;0.0;0;0;0;0;1
1251445;2018-10-28;0;0;0;0;0;0;0;0;0.0;0.0;0;0;0;0;1
1251445;2018-11-28;0;0;0;0;0;0;0;0;0.0;0.0;0;0;0;0;1
1251445;2018-12-28;0;0;0;0;0;0;0;0;0.0;0.0;0;0;0;0;1
1251445;2019-01-28;0;0;0;0;0;0;0;0;0.0;0.0;0;0;0;0;1
1251445;2019-02-28;0;0;0;0;0;0;0;0;0.0;0.0;0;0;0;0;1
1251445;2019-03-28;0;0;0;0;0;0;0;0;0.0;0.0;0;0;0;0;1
1251445;2019-04-28;0;0;0;0;0;0;0;0;0.0;0.0;0;0;0;0;1
1251445;2019-05-28;0;0;0;0;0;0;0;0;0.0;0.0;0;0;0;0;1
1253148;2018-01-28;0;0;0;0;0;0;0;0;0.0;0.0;0;0;0;0;1
1253148;2018-02-28;0;0;0;0;0;0;0;0;;;0;0;0;0;0
1253148;2018-06-28;0;0;0;0;0;0;0;0;0.0;0.0;0;0;0;0;1
1253148;2018-07-28;1;0;0;0;0;0;0;0;0.0;0.0;0;0;0;0;1
1253148;2018-08-28;1;0;0;0;0;0;0;0;0.0;0.0;0;0;0;0;1
1253148;2018-09-28;1;0;0;0;0;0;0;0;0.0;0.0;0;0;0;0;1
1253148;2018-10-28;0;0;0;0;0;0;0;0;0.0;0.0;0;0;0;0;1
1253148;2018-11-28;0;0;0;0;0;0;0;0;0.0;0.0;0;0;0;0;1
1253148;2018-12-28;0;0;0;0;0;0;0;0;0.0;0.0;0;0;0;0;1
1253148;2019-01-28;0;0;0;0;0;0;0;0;0.0;0.0;0;0;0;0;1
1253148;2019-02-28;0;0;0;0;0;0;0;0;0.0;0.0;0;0;0;0;1
1253148;2019-03-28;0;0;0;0;0;0;0;0;0.0;0.0;0;0;0;0;1
1253148;2019-04-28;0;0;0;0;0;0;0;0;0.0;0.0;0;0;0;0;1
1253148;2019-05-28;0;0;0;0;0;0;0;0;0.0;0.0;0;0;0;0;1
1254953;2018-01-28;0;0;0;0;0;0;0;1;1.0;1.0;1;0;1;0;0
1254953;2018-02-28;0;0;0;0;0;0;0;0;1.0;1.0;1;0;1;0;0
1254953;2018-03-28;0;0;0;0;0;0;0;0;1.0;1.0;1;0;1;0;0
1254953;2018-04-28;0;0;0;0;0;0;0;0;;;0;0;1;0;0
1254953;2018-07-28;0;0;0;0;0;0;0;0;0.0;0.0;0;0;0;0;1
1254953;2018-08-28;0;0;0;0;0;0;0;0;0.0;0.0;0;0;1;0;1
1254953;2018-09-28;0;0;0;0;0;0;0;0;1.0;1.0;0;0;1;0;1
1254953;2018-10-28;0;0;0;0;0;0;0;0;1.0;1.0;0;0;1;0;1
1254953;2018-11-28;0;0;0;0;0;0;0;0;1.0;1.0;0;0;1;0;1
1254953;2018-12-28;0;0;0;0;0;0;0;0;0.0;0.0;0;0;1;0;0
1255266;2018-01-28;0;0;0;0;0;0;0;0;;;0;0;0;0;0
1255266;2018-05-28;0;0;0;0;0;0;0;0;0.0;0.0;0;0;0;0;1
1255266;2018-06-28;0;0;0;0;0;0;0;0;0.0;0.0;0;0;0;0;1
1255266;2018-07-28;0;0;0;0;0;0;0;0;0.0;0.0;0;0;0;0;1
1255266;2018-08-28;0;0;0;0;0;0;0;0;0.0;0.0;0;0;0;0;1
1255266;2018-09-28;0;0;0;0;0;0;0;0;0.0;0.0;0;0;0;0;1
1255266;2018-10-28;0;0;0;0;0;0;0;0;0.0;0.0;0;0;0;0;1
1255266;2018-11-28;0;0;0;0;0;0;0;0;0.0;0.0;0;0;0;0;1
1255266;2018-12-28;0;0;0;0;0;0;0;0;0.0;0.0;0;0;0;0;1
1255266;2019-01-28;0;0;0;0;0;0;0;0;0.0;0.0;0;0;0;0;1
1255266;2019-02-28;0;0;0;0;0;0;0;0;0.0;0.0;0;0;0;0;1
1255266;2019-03-28;0;0;0;0;0;0;0;0;0.0;0.0;0;0;0;0;1
1255266;2019-04-28;0;0;0;0;0;0;0;0;0.0;0.0;0;0;0;0;1
1255266;2019-05-28;0;0;0;0;0;0;0;0;0.0;0.0;0;0;0;0;1
1261206;2018-01-28;0;0;0;0;0;0;0;0;0.0;0.0;0;0;0;0;1
1261206;2018-02-28;0;0;0;0;0;0;0;0;0.0;0.0;0;0;0;0;1
1261206;2018-03-28;0;0;0;0;0;0;0;0;0.0;0.0;0;0;0;0;1
1261206;2018-04-28;0;0;0;0;0;0;0;0;0.0;0.0;0;0;0;0;1
1261206;2018-05-28;0;0;0;0;0;0;0;0;;;0;0;0;0;0
1261206;2018-07-28;1;0;0;0;0;0;0;0;0.0;0.0;0;0;0;0;1
1261206;2018-08-28;1;0;0;0;0;0;0;0;0.0;0.0;0;0;0;0;1
1261206;2018-09-28;1;0;0;0;0;0;0;0;0.0;0.0;0;0;0;0;1
1261206;2018-10-28;1;0;0;0;0;0;0;0;0.0;0.0;0;0;0;0;1
1261206;2018-11-28;0;0;0;0;0;0;0;0;0.0;0.0;0;0;0;0;1
1261206;2018-12-28;0;0;0;0;0;0;0;0;0.0;0.0;0;0;1;0;1
1261206;2019-01-28;0;0;0;0;0;0;0;0;0.0;0.0;0;0;0;0;1
1261206;2019-02-28;0;0;0;0;0;0;0;0;0.0;0.0;0;0;0;0;1
1261206;2019-03-28;0;0;0;0;0;0;0;0;0.0;0.0;0;0;0;0;1
1261206;2019-04-28;0;0;0;0;0;0;0;0;0.0;0.0;0;1;0;0;1
1261206;2019-05-28;0;0;0;0;0;0;0;0;0.0;0.0;0;1;0;0;1
1263889;2018-01-28;0;0;0;0;0;0;0;0;0.0;0.0;0;0;0;0;1
1263889;2018-02-28;0;0;0;0;0;0;0;0;0.0;0.0;0;0;0;0;0
1263889;2018-03-28;0;0;0;0;0;0;0;0;0.0;0.0;0;0;0;0;0
1263889;2018-04-28;0;0;0;0;0;0;0;0;0.0;0.0;0;0;0;0;0
1263889;2018-05-28;0;0;0;0;0;0;0;0;;;0;0;0;0;0
1263889;2018-06-28;0;0;0;0;0;0;0;0;0.0;0.0;0;0;0;0;1
1263889;2018-07-28;0;0;0;0;0;0;0;0;0.0;0.0;0;0;0;0;1
1263889;2018-08-28;0;0;0;0;0;0;0;0;0.0;0.0;0;0;0;0;1
1263889;2018-09-28;0;0;0;0;0;0;0;0;0.0;0.0;0;0;0;0;1
1263889;2018-10-28;0;0;0;0;0;0;0;0;0.0;0.0;0;0;0;0;1
1263889;2018-11-28;0;0;0;0;0;0;0;0;0.0;0.0;0;0;0;0;1
1263889;2018-12-28;0;0;0;0;0;0;0;0;0.0;0.0;0;0;0;0;1
1263889;2019-01-28;0;0;0;0;0;0;0;0;0.0;0.0;0;0;0;0;1
1263889;2019-02-28;0;0;0;0;0;0;0;0;0.0;0.0;0;0;0;0;1
1263889;2019-03-28;0;0;0;0;0;0;0;0;0.0;0.0;0;0;0;0;1
1263889;2019-04-28;0;0;0;0;0;0;0;0;1.0;1.0;1;0;0;0;0
1263889;2019-05-28;0;0;0;0;0;0;0;0;1.0;1.0;1;0;1;0;0
1266281;2018-01-28;0;0;0;0;0;0;0;0;;;0;0;0;0;0
1266281;2018-02-28;0;0;0;0;0;0;0;0;;;0;0;0;0;0
1266281;2018-05-28;0;0;0;0;0;0;0;0;0.0;0.0;0;0;0;0;1
1266281;2018-06-28;0;0;0;0;0;0;0;0;0.0;0.0;0;0;0;0;0
1266281;2018-07-28;0;0;0;0;0;0;0;0;0.0;0.0;0;0;0;0;0
1266281;2018-08-28;0;0;0;0;0;0;0;0;0.0;0.0;0;0;0;0;0
1266281;2018-09-28;0;0;0;0;0;0;0;0;0.0;0.0;0;0;0;0;0
1266281;2018-11-28;0;0;0;0;0;0;0;0;0.0;0.0;0;0;0;0;0
1266281;2018-12-28;0;0;0;0;0;0;0;0;0.0;0.0;0;0;0;0;0
1266281;2019-01-28;0;0;0;0;0;0;0;0;0.0;0.0;0;0;0;0;0
1266281;2019-02-28;0;0;0;0;0;0;0;0;0.0;0.0;0;0;0;0;0
1266281;2019-03-28;0;0;0;0;0;0;0;0;0.0;0.0;0;0;0;0;1
1266281;2019-04-28;0;0;0;0;0;0;0;0;0.0;0.0;0;0;0;0;0
1266281;2019-05-28;0;0;0;0;0;0;0;0;0.0;0.0;0;0;0;0;0
1266833;2018-01-28;0;0;0;0;0;0;0;0;0.0;0.0;0;1;0;0;1
1266833;2018-02-28;0;0;0;0;0;0;0;0;;;0;0;0;0;0
1266833;2018-03-28;0;0;0;0;0;0;0;0;;;0;0;0;0;0
1266833;2018-05-28;0;0;0;0;0;0;0;0;0.0;0.0;0;0;0;0;1
1266833;2018-06-28;0;0;0;0;0;0;0;0;0.0;0.0;0;0;0;0;1
1266833;2018-07-28;0;0;0;0;0;0;0;0;0.0;0.0;0;0;0;0;1
1266833;2018-08-28;0;0;0;0;0;0;0;0;0.0;0.0;0;0;0;0;0
1266833;2018-09-28;0;0;0;0;0;0;0;0;0.0;0.0;0;0;0;0;0
1266833;2018-10-28;0;0;0;0;0;0;0;0;0.0;0.0;0;0;0;0;0
1266833;2018-11-28;0;0;0;0;0;0;0;0;0.0;0.0;1;0;0;0;0
1266833;2018-12-28;0;0;0;0;0;0;0;0;0.0;0.0;1;0;0;0;0
1266833;2019-01-28;0;0;0;0;0;0;0;0;0.0;0.0;1;0;0;0;0
1266833;2019-02-28;0;0;0;0;0;0;0;0;0.0;0.0;1;0;0;0;0
1266833;2019-03-28;0;0;0;0;0;0;0;0;0.0;0.0;1;0;0;0;0
1266833;2019-04-28;0;0;0;0;0;0;0;0;0.0;0.0;1;0;0;0;0
1266833;2019-05-28;0;0;0;0;0;0;0;0;0.0;0.0;1;0;1;0;0
1269364;2018-01-28;0;0;0;0;0;1;0;0;0.0;0.0;0;0;0;0;0
1269364;2018-02-28;0;0;0;0;0;1;0;0;0.0;0.0;0;0;0;0;0
1269364;2018-03-28;0;0;0;0;0;0;0;0;0.0;0.0;0;0;0;0;1
1269364;2018-04-28;0;0;0;0;0;0;0;0;;;0;0;0;0;0
1269364;2018-07-28;0;0;0;0;0;0;0;0;0.0;0.0;0;0;0;0;1
1269364;2018-08-28;0;0;0;0;0;0;0;0;0.0;0.0;0;0;0;0;1
1269364;2018-09-28;1;0;0;0;0;0;0;0;0.0;0.0;0;0;0;0;0
1269364;2018-10-28;1;0;0;0;0;0;0;0;0.0;0.0;0;0;0;0;0
1269364;2018-11-28;1;0;0;0;0;0;0;0;0.0;0.0;0;0;0;0;0
1269364;2018-12-28;0;0;0;0;0;0;0;0;0.0;0.0;0;0;0;0;1
1269364;2019-01-28;0;0;0;0;0;0;0;0;0.0;0.0;0;0;0;0;0
1269364;2019-02-28;0;0;0;0;0;0;0;0;0.0;0.0;0;0;0;0;0
1269364;2019-03-28;0;0;0;0;0;0;0;0;0.0;0.0;0;0;0;0;0
1269364;2019-04-28;0;0;0;0;0;0;0;0;0.0;0.0;0;0;0;0;0
1269364;2019-05-28;0;0;0;0;0;0;0;0;0.0;0.0;0;0;0;0;0
1298936;2018-01-28;0;0;0;0;0;0;0;0;0.0;0.0;0;0;1;0;0
1298936;2018-02-28;0;0;0;0;0;0;0;0;0.0;0.0;0;0;0;0;0
1298936;2018-03-28;0;0;0;0;0;0;0;0;0.0;0.0;0;0;0;0;0
1298936;2018-04-28;0;0;0;0;0;0;0;0;;;0;0;0;0;0
1298936;2018-05-28;0;0;0;0;0;0;0;0;0.0;0.0;0;0;0;0;1
1298936;2018-06-28;0;0;0;0;0;0;0;0;0.0;0.0;0;0;1;0;0
1298936;2018-07-28;0;0;0;0;0;0;0;0;0.0;0.0;0;0;0;0;0
1298936;2018-08-28;0;0;0;0;0;0;0;0;0.0;0.0;0;0;1;0;1
1298936;2018-09-28;0;0;0;0;0;0;0;0;0.0;0.0;0;0;1;0;0
1298936;2018-10-28;0;0;0;0;0;0;0;0;0.0;0.0;0;0;0;0;0
1298936;2018-11-28;0;0;0;0;0;0;0;0;0.0;0.0;0;0;0;0;0
1298936;2018-12-28;0;0;0;0;0;0;0;0;0.0;0.0;0;0;0;0;0
1298936;2019-01-28;0;0;0;0;0;0;0;0;0.0;0.0;0;0;0;0;0
1298936;2019-02-28;0;0;0;0;0;0;0;0;0.0;0.0;0;0;0;0;0
1298936;2019-03-28;0;0;0;0;0;0;0;0;0.0;0.0;0;0;0;0;0
1298936;2019-04-28;0;0;0;0;0;0;0;0;0.0;0.0;0;0;0;0;0
1298936;2019-05-28;0;0;0;0;0;0;0;0;0.0;0.0;0;0;0;0;0
1302644;2018-01-28;0;0;0;0;0;0;0;0;0.0;0.0;0;0;1;0;0
1302644;2018-02-28;0;0;0;0;0;0;0;0;0.0;0.0;0;0;0;0;0
1302644;2018-03-28;0;0;0;0;0;0;0;0;;;0;0;0;0;0
1302644;2018-04-28;0;0;0;0;0;0;0;0;0.0;0.0;0;0;0;0;1
1302644;2018-05-28;0;0;0;0;0;0;0;0;0.0;0.0;0;0;1;0;1
1302644;2018-06-28;0;0;0;0;0;0;0;0;0.0;0.0;0;0;0;0;0
1302644;2018-07-28;0;0;0;0;0;0;0;0;0.0;0.0;0;0;1;0;0
1302644;2018-08-28;0;0;0;0;0;0;0;0;0.0;0.0;0;0;1;0;1
1302644;2018-09-28;0;0;0;0;0;0;0;0;0.0;0.0;0;0;0;0;1
1302644;2018-10-28;0;0;0;0;0;0;0;0;0.0;0.0;0;0;1;0;1
1302644;2018-11-28;0;0;0;0;0;0;0;0;0.0;0.0;0;0;1;0;1
1302644;2018-12-28;0;0;0;0;0;0;0;0;0.0;0.0;0;0;0;0;1
1302644;2019-01-28;0;0;0;0;0;0;0;0;0.0;0.0;0;0;0;0;1
1302644;2019-02-28;0;0;0;0;0;0;0;0;0.0;0.0;0;0;1;0;1
1302644;2019-03-28;0;0;0;0;0;0;0;0;0.0;0.0;0;0;1;0;1
1302644;2019-04-28;0;0;0;0;0;0;0;0;0.0;0.0;0;0;1;0;1
1302644;2019-05-28;0;0;0;0;0;0;0;0;0.0;0.0;0;0;1;0;1
1324510;2018-01-28;1;0;0;0;0;0;0;0;0.0;0.0;0;0;0;0;0
1324510;2018-02-28;0;0;0;0;0;0;0;0;;;0;0;0;0;0
1324510;2018-06-28;1;0;0;0;0;0;0;0;0.0;0.0;0;0;0;0;1
1324510;2018-07-28;1;0;0;0;0;0;0;0;0.0;0.0;0;0;0;0;0
1324510;2018-08-28;1;0;0;0;0;0;0;0;0.0;0.0;0;0;0;0;0
1324510;2018-09-28;0;0;0;0;0;0;0;0;0.0;0.0;0;0;0;0;1
1324510;2018-10-28;0;0;0;0;0;0;0;0;0.0;0.0;0;1;0;0;0
1324510;2018-11-28;0;0;0;0;0;0;0;0;0.0;0.0;0;0;0;0;0
1324510;2018-12-28;0;0;0;0;0;0;0;0;0.0;0.0;0;0;0;0;0
1324510;2019-01-28;0;0;0;0;0;0;0;0;0.0;0.0;0;0;0;0;0
1324510;2019-02-28;0;0;0;0;0;0;0;0;0.0;0.0;0;0;0;0;1
1324510;2019-03-28;0;0;0;0;0;0;0;0;0.0;0.0;0;0;0;0;0
1324510;2019-04-28;0;0;0;0;0;0;0;0;0.0;0.0;0;0;0;0;0
1324510;2019-05-28;0;0;0;0;0;0;0;0;0.0;0.0;0;0;0;0;0
1337294;2018-01-28;0;0;0;0;0;0;0;0;;;0;0;0;0;0
1337294;2018-03-28;0;0;0;0;0;0;0;0;0.0;0.0;0;0;0;0;1
1337294;2018-04-28;0;0;0;0;0;0;0;0;0.0;0.0;0;0;0;0;1
1337294;2018-05-28;0;0;0;0;0;0;0;0;0.0;0.0;0;0;0;0;0
1337294;2018-07-28;0;0;0;0;0;0;0;0;0.0;0.0;0;0;0;0;0
1337294;2018-08-28;0;0;0;0;0;0;0;0;0.0;0.0;0;0;0;0;0
1337294;2019-03-28;0;0;0;0;0;0;0;0;0.0;0.0;0;0;0;0;1
1337294;2019-04-28;0;0;0;0;0;0;0;0;0.0;0.0;0;0;0;0;1
1337294;2019-05-28;0;0;0;0;0;0;0;0;0.0;0.0;0;0;0;0;1
1341662;2018-02-28;0;0;0;0;0;0;0;0;;;0;0;0;0;0
1341662;2018-03-28;0;0;0;0;0;0;0;0;0.0;0.0;0;0;0;0;0
1341662;2018-04-28;0;0;0;0;0;0;0;0;0.0;0.0;0;0;0;0;0
1341662;2018-07-28;0;0;0;0;0;0;0;0;0.0;0.0;0;0;0;0;0
1341662;2018-08-28;0;0;0;0;0;0;0;0;0.0;0.0;0;0;0;0;0
1341662;2018-09-28;0;0;0;0;0;0;0;0;0.0;0.0;0;0;0;0;0
1341662;2018-10-28;0;0;0;0;0;0;0;0;0.0;0.0;0;0;0;0;0
1341662;2018-11-28;0;0;0;0;0;0;0;0;0.0;0.0;0;0;0;0;0
1341662;2018-12-28;0;0;0;0;0;0;0;0;0.0;0.0;0;0;0;0;0
1341662;2019-01-28;0;0;0;0;0;0;0;0;0.0;0.0;0;0;0;0;0
1341662;2019-02-28;0;0;0;0;0;0;0;0;0.0;0.0;0;0;0;0;0
1341662;2019-03-28;0;0;0;0;0;0;0;0;0.0;0.0;0;0;0;0;0
1341662;2019-04-28;0;0;0;0;0;0;0;0;0.0;0.0;0;0;0;0;0
1341662;2019-05-28;0;0;0;0;0;0;0;0;0.0;0.0;0;0;0;0;0
1342015;2018-01-28;0;0;0;0;0;0;0;0;0.0;0.0;0;0;0;0;1
1342015;2018-02-28;0;0;0;0;0;0;0;0;0.0;0.0;0;0;0;0;1
1342015;2018-03-28;0;0;0;0;0;0;0;0;0.0;0.0;0;0;0;0;1
1342015;2018-04-28;0;0;0;0;0;0;0;0;0.0;0.0;0;0;0;0;1
1342015;2018-05-28;0;0;0;0;0;0;0;0;;;0;0;0;0;0
1342015;2018-07-28;0;0;0;0;0;0;0;0;0.0;0.0;0;0;0;0;1
1342015;2018-08-28;0;0;0;0;0;0;0;0;0.0;0.0;0;0;0;0;1
1342015;2018-09-28;0;0;0;0;0;0;0;0;0.0;0.0;0;0;0;0;1
1342015;2018-10-28;0;0;0;0;0;0;0;0;0.0;0.0;0;0;0;0;1
1342015;2018-11-28;0;0;0;0;0;0;0;0;0.0;0.0;0;0;0;0;1
1342015;2018-12-28;0;0;0;0;0;0;0;0;0.0;0.0;0;0;0;0;1
1342015;2019-01-28;0;0;0;0;0;0;0;0;0.0;0.0;0;0;0;0;1
1342015;2019-02-28;0;0;0;0;0;0;0;0;0.0;0.0;0;0;0;0;1
1342015;2019-03-28;0;0;0;0;0;0;0;0;0.0;0.0;0;0;0;0;1
1342015;2019-04-28;0;0;0;0;0;0;0;0;0.0;0.0;0;0;0;0;1
1342015;2019-05-28;0;0;0;0;0;0;0;0;0.0;0.0;0;0;0;0;1
1360396;2018-01-28;0;0;0;0;0;0;0;0;0.0;0.0;0;0;0;0;1
1360396;2018-02-28;0;0;0;0;0;0;0;0;;;0;0;0;0;0
1360396;2018-07-28;0;0;0;0;0;0;0;0;0.0;0.0;0;0;0;0;0
1360396;2018-08-28;0;0;0;0;0;0;0;0;0.0;0.0;0;0;0;0;0
1360396;2018-09-28;0;0;0;0;0;0;0;0;0.0;0.0;0;0;0;0;0
1360396;2018-10-28;0;0;0;0;0;0;0;0;0.0;0.0;0;0;0;0;0
1360396;2018-11-28;0;0;0;0;0;0;0;0;0.0;0.0;0;0;0;0;0
1360396;2018-12-28;0;0;0;0;0;0;0;0;0.0;0.0;0;0;0;0;0
1363870;2018-01-28;0;0;0;0;0;0;0;0;;;0;0;0;0;0
1363870;2018-03-28;0;0;0;0;0;0;0;0;0.0;0.0;0;0;1;0;1
1363870;2018-04-28;0;0;0;0;0;0;0;0;0.0;0.0;0;0;1;0;1
1363870;2018-05-28;0;0;0;0;0;0;0;0;0.0;0.0;0;0;0;0;1
1363870;2018-06-28;0;0;0;0;0;0;0;0;0.0;0.0;0;0;0;0;1
1363870;2018-07-28;0;0;0;0;0;0;0;0;0.0;0.0;0;0;0;0;1
1363870;2018-08-28;0;0;0;0;0;0;0;0;0.0;0.0;0;0;1;0;1
1363870;2018-09-28;0;0;0;0;0;0;0;0;0.0;0.0;0;0;1;0;1
1363870;2018-10-28;0;0;0;0;0;0;0;0;0.0;0.0;0;0;1;0;1
1363870;2018-11-28;0;0;0;0;0;0;0;0;0.0;0.0;0;0;1;0;1
1363870;2018-12-28;0;0;0;0;0;0;0;0;0.0;0.0;0;0;1;0;1
1363870;2019-01-28;0;0;0;0;0;0;0;0;0.0;0.0;0;0;1;0;1
1363870;2019-02-28;0;0;0;0;0;0;0;0;0.0;0.0;0;0;1;0;1
1363870;2019-03-28;0;0;0;0;0;0;0;0;0.0;0.0;0;0;1;0;1
1363870;2019-04-28;0;0;0;0;0;0;0;0;0.0;0.0;0;0;1;0;1
1363870;2019-05-28;0;0;0;0;0;0;0;0;0.0;0.0;0;0;0;0;1
1365111;2018-01-28;0;0;0;0;0;0;0;0;;;0;0;0;0;0
1365111;2018-07-28;0;0;0;0;0;0;0;0;0.0;0.0;0;0;0;0;0
1365111;2018-08-28;0;0;0;0;0;0;0;0;0.0;0.0;0;0;0;0;0
1365111;2018-09-28;0;0;0;0;0;0;0;0;0.0;0.0;0;0;0;0;0
1365111;2018-10-28;0;0;0;0;0;0;0;0;0.0;0.0;0;0;0;0;0
1365111;2018-11-28;0;0;0;0;0;0;0;0;0.0;0.0;0;0;0;0;0
1365111;2018-12-28;0;0;0;0;0;0;0;0;0.0;0.0;0;0;0;0;0
1365111;2019-01-28;0;0;0;0;0;0;0;0;0.0;0.0;0;0;0;0;0
1365111;2019-02-28;0;0;0;0;0;0;0;0;0.0;0.0;0;0;0;0;0
1365111;2019-03-28;0;0;0;0;0;0;0;0;0.0;0.0;0;0;0;0;0
1365111;2019-04-28;0;0;0;0;0;0;0;0;0.0;0.0;0;0;0;0;0
1365111;2019-05-28;0;0;0;0;0;0;0;0;0.0;0.0;0;0;0;0;0
1365964;2018-01-28;0;0;0;0;0;0;0;0;0.0;0.0;0;0;0;0;1
1365964;2018-02-28;0;0;0;0;0;0;0;0;;;0;0;0;0;0
1365964;2018-04-28;0;0;0;0;0;0;0;0;0.0;0.0;0;0;0;0;1
1365964;2018-05-28;0;0;0;0;0;0;0;0;0.0;0.0;0;0;0;0;1
1365964;2018-06-28;0;0;0;0;0;0;0;0;0.0;0.0;0;0;1;0;1
1365964;2018-07-28;0;0;0;0;0;0;0;0;0.0;0.0;0;0;0;0;1
1365964;2018-08-28;0;0;0;0;0;0;0;0;0.0;0.0;0;0;1;0;1
1365964;2018-09-28;0;0;0;0;0;0;0;0;0.0;0.0;0;0;0;0;1
1365964;2018-10-28;0;0;0;0;0;0;0;0;0.0;0.0;0;0;1;0;1
1365964;2018-11-28;0;0;0;0;0;0;0;0;0.0;0.0;0;0;0;0;1
1365964;2018-12-28;0;0;0;0;0;0;0;0;0.0;0.0;0;0;1;0;1
1365964;2019-01-28;0;0;0;0;0;0;0;0;0.0;0.0;0;0;0;0;1
1365964;2019-02-28;0;0;0;0;0;0;0;0;0.0;0.0;0;0;1;0;1
1365964;2019-03-28;0;0;0;0;0;0;0;0;0.0;0.0;0;0;1;0;1
1365964;2019-04-28;0;0;0;0;0;0;0;0;0.0;0.0;0;0;1;0;1
1365964;2019-05-28;0;0;0;0;0;0;0;0;0.0;0.0;0;0;0;0;0
1366499;2018-01-28;0;0;0;0;0;0;0;0;0.0;0.0;0;0;0;0;1
1366499;2018-02-28;0;0;0;0;0;0;0;0;0.0;0.0;0;0;0;0;1
1366499;2018-03-28;0;0;0;0;0;0;0;0;;;0;0;0;0;0
1366499;2018-07-28;0;0;0;0;0;0;0;0;0.0;0.0;0;0;0;0;0
1366499;2018-08-28;0;0;0;0;0;0;0;0;0.0;0.0;0;0;0;0;1
1366499;2018-09-28;0;0;0;0;0;0;0;0;0.0;0.0;0;0;0;0;1
1366499;2018-10-28;0;0;0;0;0;0;0;0;0.0;0.0;0;0;0;0;1
1366499;2018-11-28;0;0;0;0;0;0;0;0;0.0;0.0;0;0;0;0;1
1366499;2018-12-28;0;0;0;0;0;0;0;0;0.0;0.0;0;0;0;0;1
1366499;2019-01-28;0;0;0;0;0;0;0;0;0.0;0.0;0;0;0;0;1
1366499;2019-02-28;0;0;0;0;0;0;0;0;0.0;0.0;0;0;0;0;1
1366499;2019-03-28;0;0;0;0;0;0;0;0;0.0;0.0;0;0;0;0;1
1366499;2019-04-28;0;0;0;0;0;0;0;0;0.0;0.0;0;0;0;0;1
1366499;2019-05-28;0;0;0;0;0;0;0;0;0.0;0.0;0;0;0;0;1
1369642;2018-01-28;0;0;0;0;0;0;0;0;0.0;0.0;1;0;0;0;0
1369642;2018-02-28;0;0;0;0;0;0;0;0;;;0;0;0;0;0
1369642;2018-05-28;0;0;0;0;0;0;0;0;0.0;0.0;0;0;0;0;1
1369642;2018-06-28;0;0;0;0;0;0;0;0;0.0;0.0;0;0;0;0;0
1369642;2018-07-28;0;0;0;0;0;0;0;0;0.0;0.0;0;0;0;0;0
1369642;2018-08-28;0;0;0;0;0;0;0;0;0.0;0.0;0;0;0;0;0
1369642;2018-09-28;0;0;0;0;0;0;0;0;0.0;0.0;0;0;0;0;0
1369642;2018-10-28;0;0;0;0;0;0;0;0;0.0;0.0;0;0;0;0;0
1369642;2018-11-28;0;0;0;0;0;0;0;0;0.0;0.0;0;0;0;0;0
1369642;2018-12-28;0;0;0;0;0;0;0;0;0.0;0.0;0;0;0;0;0
1369642;2019-01-28;0;0;0;0;0;0;0;0;0.0;0.0;0;0;0;0;0
1369642;2019-02-28;0;0;0;0;0;0;0;0;0.0;0.0;0;0;0;0;0
1369642;2019-03-28;0;0;0;0;0;0;0;0;0.0;0.0;0;0;0;0;0
1369642;2019-04-28;0;0;0;0;0;0;0;0;0.0;0.0;0;0;0;0;0
1374202;2018-01-28;0;0;0;0;0;0;0;0;;;0;0;0;0;0
1374202;2018-04-28;0;0;0;0;0;0;0;0;0.0;0.0;0;0;0;0;1
1374202;2018-05-28;0;0;0;0;0;0;0;0;0.0;0.0;0;0;0;0;1
1374202;2018-06-28;0;0;0;0;0;0;0;0;0.0;0.0;0;0;0;0;1
1374202;2018-07-28;0;0;0;0;0;0;0;0;0.0;0.0;0;0;0;0;1
1374202;2018-08-28;0;0;0;0;0;0;0;0;0.0;0.0;0;0;0;0;0
1374202;2018-09-28;0;0;0;0;0;0;0;0;0.0;0.0;0;0;0;0;0
1374202;2018-10-28;0;0;0;0;0;0;0;0;0.0;0.0;0;0;0;0;0
1374202;2018-11-28;0;0;0;0;0;0;0;0;0.0;0.0;0;0;0;0;0
1374202;2018-12-28;0;0;0;0;0;0;0;0;0.0;0.0;0;0;0;0;0
1374202;2019-01-28;0;0;0;0;0;0;0;0;0.0;0.0;0;0;0;0;0
1374202;2019-02-28;0;0;0;0;0;0;0;0;0.0;0.0;0;0;0;0;0
1374202;2019-03-28;0;0;0;0;0;0;0;0;0.0;0.0;0;0;0;0;0
1374202;2019-04-28;0;0;0;0;0;0;0;0;0.0;0.0;0;0;0;0;0
1374202;2019-05-28;0;0;0;0;0;0;0;0;0.0;0.0;0;0;0;0;0
1376688;2018-01-28;0;0;0;0;0;0;0;0;;;0;0;0;0;0
1376688;2018-07-28;0;0;0;0;0;0;0;0;0.0;0.0;0;0;0;0;0
1376688;2018-08-28;0;0;0;0;0;0;0;0;0.0;0.0;0;0;0;0;0
1376688;2018-09-28;0;0;0;0;0;0;0;0;0.0;0.0;0;0;0;0;0
1376688;2018-10-28;0;0;0;0;0;0;0;0;0.0;0.0;0;0;0;0;0
1376688;2018-11-28;0;0;0;0;0;0;0;0;0.0;0.0;0;0;0;0;0
1376688;2018-12-28;0;0;0;0;0;0;0;0;0.0;0.0;0;0;0;0;0
1376688;2019-01-28;0;0;0;0;0;0;0;0;0.0;0.0;0;0;0;0;0
1376688;2019-02-28;0;0;0;0;0;0;0;0;0.0;0.0;0;0;0;0;0
1376688;2019-03-28;0;0;0;0;0;0;0;0;0.0;0.0;0;0;0;0;0
1376688;2019-04-28;0;0;0;0;0;0;0;0;0.0;0.0;0;0;0;0;0
1376688;2019-05-28;0;0;0;0;0;0;0;0;0.0;0.0;0;0;0;0;0
1377542;2018-01-28;0;0;0;0;0;0;0;0;0.0;0.0;0;0;0;0;1
1377542;2018-02-28;1;0;0;0;0;0;0;0;0.0;0.0;0;0;0;0;0
1377542;2018-03-28;1;0;0;0;0;0;0;0;0.0;0.0;0;0;0;0;0
1377542;2018-04-28;1;0;0;0;0;0;0;0;0.0;0.0;0;0;0;0;0
1377542;2018-05-28;0;0;0;0;0;0;0;0;;;0;0;0;0;0
1377542;2018-07-28;0;0;0;0;0;0;0;0;0.0;0.0;0;0;0;0;0
1377542;2018-08-28;0;0;0;0;0;0;0;0;0.0;0.0;0;0;0;0;1
1377542;2018-09-28;0;0;0;0;0;0;0;0;0.0;0.0;0;0;1;0;1
1377542;2018-10-28;0;0;0;0;0;0;0;0;0.0;0.0;0;0;1;0;1
1377542;2018-11-28;0;0;0;0;0;0;0;0;0.0;0.0;0;0;1;0;1
1377542;2018-12-28;0;0;0;0;0;0;0;0;0.0;0.0;0;0;1;0;1
1377542;2019-01-28;0;0;0;0;0;0;0;0;0.0;0.0;0;0;1;0;1
1377542;2019-02-28;0;0;0;0;0;0;0;0;0.0;0.0;0;0;1;0;1
1377542;2019-03-28;0;0;0;0;0;0;0;0;0.0;0.0;0;0;1;0;1
1377542;2019-04-28;0;0;0;0;0;0;0;0;0.0;0.0;0;0;1;0;1
1377542;2019-05-28;0;0;0;0;0;0;0;0;0.0;0.0;0;0;1;0;1
1379131;2018-01-28;0;0;0;0;0;0;0;0;0.0;0.0;0;0;0;0;0
1379131;2018-02-28;0;0;0;0;0;0;0;0;0.0;0.0;0;0;0;0;0
1379131;2018-03-28;0;0;0;0;0;0;0;0;0.0;0.0;0;0;0;0;0
1379131;2018-04-28;0;0;0;0;0;0;0;0;;;0;0;0;0;0
1379131;2018-06-28;0;0;0;0;0;0;0;0;0.0;0.0;0;0;0;0;1
1379131;2018-07-28;0;0;0;0;0;0;0;0;0.0;0.0;0;0;0;0;0
1379131;2018-08-28;0;0;0;0;0;0;0;0;0.0;0.0;0;0;0;0;0
1379131;2018-09-28;0;0;0;0;0;0;0;0;0.0;0.0;0;0;0;0;0
1379131;2018-10-28;0;0;0;0;0;0;0;0;0.0;0.0;0;0;0;0;0
1379131;2018-11-28;0;0;0;0;0;0;0;0;0.0;0.0;0;0;0;0;0
1379131;2018-12-28;0;0;0;0;0;0;0;0;0.0;0.0;0;0;0;0;0
1379131;2019-01-28;0;0;0;0;0;0;0;0;0.0;0.0;0;0;0;0;0
1379131;2019-02-28;0;0;0;0;0;0;0;0;0.0;0.0;0;0;0;0;0
1379131;2019-03-28;0;0;0;0;0;0;0;0;0.0;0.0;0;0;0;0;0
1379131;2019-04-28;0;0;0;0;0;0;0;0;0.0;0.0;0;0;0;0;0
1379131;2019-05-28;0;0;0;0;0;0;0;0;0.0;0.0;0;0;0;0;0
1387288;2018-03-28;0;0;0;0;0;0;0;0;;;0;0;0;0;0
1387288;2018-05-28;0;0;0;0;0;0;0;0;0.0;0.0;0;0;0;0;1
1387288;2018-06-28;0;0;0;0;0;0;0;0;0.0;0.0;0;0;0;0;1
1387288;2018-07-28;0;0;0;0;0;0;0;0;0.0;0.0;0;0;0;0;1
1387288;2018-08-28;0;0;0;0;0;0;0;0;0.0;0.0;0;0;0;0;1
1387288;2018-09-28;0;0;0;0;0;0;0;0;0.0;0.0;0;0;0;0;1
1387288;2018-10-28;0;0;0;0;0;0;0;0;0.0;0.0;0;0;0;0;1
1387288;2018-11-28;0;0;0;0;0;0;0;0;0.0;0.0;0;0;0;0;1
1387288;2018-12-28;0;0;0;0;0;0;0;0;0.0;0.0;0;0;0;0;1
1387288;2019-01-28;0;0;0;0;0;0;0;0;0.0;0.0;0;0;0;0;1
1387288;2019-02-28;0;0;0;0;0;0;0;0;0.0;0.0;0;0;0;0;1
1387288;2019-03-28;0;0;0;0;0;0;0;0;0.0;0.0;0;0;0;0;1
1387288;2019-04-28;0;0;0;0;0;0;0;0;0.0;0.0;0;0;0;0;1
1387288;2019-05-28;0;0;0;0;0;0;0;0;0.0;0.0;0;0;0;0;1
1389351;2018-03-28;0;0;0;0;0;0;0;0;;;0;0;0;0;0
1389351;2018-04-28;1;0;0;0;0;0;0;0;0.0;0.0;0;0;0;0;1
1389351;2018-05-28;1;0;0;0;0;0;0;0;1.0;1.0;1;1;1;0;0
1389351;2018-06-28;1;0;0;0;0;0;0;1;1.0;1.0;1;1;1;0;0
1389351;2018-07-28;0;0;0;0;0;1;0;0;1.0;1.0;1;1;1;0;0
1389351;2018-08-28;0;0;0;0;0;1;0;1;1.0;1.0;1;1;1;0;0
1389351;2018-09-28;0;0;0;0;0;1;0;1;1.0;1.0;1;1;1;0;0
1389351;2018-10-28;0;0;0;0;0;1;0;1;1.0;1.0;1;1;1;0;0
1389351;2018-11-28;0;0;0;0;0;1;0;1;1.0;1.0;1;1;1;0;0
1389351;2018-12-28;0;0;0;0;0;1;0;1;1.0;1.0;1;1;1;0;0
1389351;2019-01-28;0;0;0;0;0;1;0;0;1.0;1.0;1;1;1;0;0
1389351;2019-02-28;0;0;0;0;0;1;0;0;1.0;1.0;1;1;1;0;0
1389351;2019-03-28;0;0;0;0;0;1;0;1;1.0;1.0;1;1;1;0;0
1389351;2019-04-28;0;0;0;0;0;1;0;0;0.0;1.0;1;1;1;0;0
1389351;2019-05-28;0;0;0;0;0;1;0;0;0.0;1.0;1;1;1;0;0
1395511;2018-05-28;0;0;0;0;0;0;0;0;;;0;0;0;0;0
1395511;2018-07-28;0;0;0;0;0;0;0;0;0.0;0.0;0;0;0;0;0
1395511;2018-08-28;1;0;0;0;0;0;0;0;0.0;0.0;0;0;0;0;1
1395511;2018-09-28;1;0;0;0;0;0;0;0;0.0;0.0;0;0;0;0;1
1395511;2018-10-28;1;0;0;0;0;0;0;0;0.0;0.0;0;0;0;0;1
1395511;2018-11-28;0;0;0;0;0;0;0;0;0.0;0.0;0;1;0;0;1
1395511;2018-12-28;0;0;0;0;0;0;0;0;0.0;0.0;0;1;1;0;0
1395511;2019-01-28;0;0;0;0;0;0;0;0;0.0;0.0;0;1;0;0;1
1395511;2019-02-28;0;0;0;0;0;0;0;0;0.0;0.0;0;1;0;0;1
1395511;2019-03-28;0;0;0;0;0;0;0;0;0.0;0.0;0;1;0;0;1
1395511;2019-04-28;0;0;0;0;0;0;0;0;0.0;0.0;0;1;0;0;1
1395511;2019-05-28;0;0;0;0;0;0;0;0;0.0;0.0;0;1;0;0;1
